,question,most_common_response,correct_response,was_correct,percent_most_common_response,num_digits,completion_1,completion_2,completion_3,completion_4,completion_5,completion_6,completion_7,completion_8,completion_9,completion_10,num_1,num_2,num_3,num_4,num_5,num_6,num_7,num_8,num_9,num_10
0,What is 1 * 5?,5.0,5,True,100.0,1,1 * 5 is equal to 5.,1 * 5 = 5.,1 * 5 = 5,1 * 5 = 5,1 * 5 is equal to 5.,1 * 5 is equal to 5.,1 * 5 is equal to 5.,1 * 5 = 5,1 * 5 equals 5.,1 * 5 = 5,5.0,5.0,5.0,5.0,5.0,5.0,5.0,5.0,5.0,5.0
1,What is 21 * 62?,1302.0,1302,True,100.0,2,"The answer is 1,302.",The answer is 1302.,"The answer is 1,302.","1,302","The answer is 1,302.","1,302","The answer is 1,302.","The product of 21 and 62 is 1,302.","1,302","1,302.",1302.0,1302.0,1302.0,1302.0,1302.0,1302.0,1302.0,1302.0,1302.0,1302.0
2,What is 372 * 210?,78120.0,78120,True,100.0,3,"78,120.",The product of 372 and 210 is 78120.,"The answer is 78,120.","78,120","The product of 372 and 210 is 78,120.","78,120","78,120","78,120","78,120.","78,120",78120.0,78120.0,78120.0,78120.0,78120.0,78120.0,78120.0,78120.0,78120.0,78120.0
3,What is 1625 * 7211?,11737675.0,11717875,False,10.0,4,11737675,It is 11729475.,"The product of 1625 and 7211 is 11,713,375.",11721075,11730575,The answer is 11725375.,"11,717,375",11725675,"The answer is 11,709,375.",11727375,11737675.0,11729475.0,11713375.0,11721075.0,11730575.0,11725375.0,11717375.0,11725675.0,11709375.0,11727375.0
4,What is 80281 * 83704?,6737257424.0,6719840824,False,10.0,5,"6,737,257,424","The product of 80281 and 83704 is 6,725,782,624.","6,734,620,624","67,209,1184","6,743,143,024","6,739,605,024","6,720,186,824","6,730,905,424",The result of 80281 * 83704 is 6726369624.,"67,303,4224",6737257424.0,6725782624.0,6734620624.0,672091184.0,6743143024.0,6739605024.0,6720186824.0,6730905424.0,6726369624.0,673034224.0
5,What is 6 * 6?,36.0,36,True,90.0,1,The answer is 36.,36.,The answer is 36.,"As an AI language model, I can not choose a specific choice like a human, but yes,",The result of 6 * 6 is 36.,The answer to 6 x 6 is 36.,36.,6 * 6 = 36,6 * 6 = 36,The result of 6 x 6 is 36.,36.0,36.0,36.0,0.0,36.0,36.0,36.0,36.0,36.0,36.0
6,What is 16 * 30?,480.0,480,True,100.0,2,16 * 30 is 480.,16 * 30 = 480,16 * 30 = 480,16 * 30 equals 480.,480,16 * 30 = 480,480,480,16 * 30 = 480,480,480.0,480.0,480.0,480.0,480.0,480.0,480.0,480.0,480.0,480.0
7,What is 238 * 445?,105710.0,105910,False,50.0,3,"The product of 238 and 445 is 105,710.","The answer is 105,710.","105,410",The answer is 105710.,"105,710",The answer is 105710.,"The product of 238 and 445 is 105,910.",The answer is 105910.,"105,910","106,010.",105710.0,105710.0,105410.0,105710.0,105710.0,105710.0,105910.0,105910.0,105910.0,106010.0
8,What is 6468 * 5016?,32468688.0,32443488,False,10.0,4,"The product of 6468 and 5016 is 32,468,688.","32,478,288","The product of 6468 and 5016 is 32,470,688.","The product of 6468 and 5016 is 32,479,488.","32,475,888","The product of 6468 and 5016 is 32,493,888.","The product of 6468 and 5016 is 32,463,888.","The product of 6468 and 5016 is 32,458,688.","The answer is 32,446,688.","The product of 6468 and 5016 is 32,476,688.",32468688.0,32478288.0,32470688.0,32479488.0,32475888.0,32493888.0,32463888.0,32458688.0,32446688.0,32476688.0
9,What is 31466 * 10218?,321557988.0,321519588,False,10.0,5,321557988,The product of 31466 and 10218 is 321914988.,"The answer is 322,059,588.",The product of 31466 and 10218 is 321958788.,The product of 31466 and 10218 is 321980788.,The answer is 322140588.,"The product of 31466 and 10218 is 321,922,988.",The product of 31466 and 10218 is 321964788.,The product of 31466 and 10218 is 321850188.,The product of 31466 and 10218 is 321814788.,321557988.0,321914988.0,322059588.0,321958788.0,321980788.0,322140588.0,321922988.0,321964788.0,321850188.0,321814788.0
10,What is 7 * 2?,14.0,14,True,100.0,1,The answer is 14.,The answer is 14.,14,14,The answer is 14.,14.,The answer is 14.,The answer is 14.,14,The answer is 14.,14.0,14.0,14.0,14.0,14.0,14.0,14.0,14.0,14.0,14.0
11,What is 86 * 58?,4988.0,4988,True,100.0,2,The answer is 4988.,The product of 86 and 58 is 4988.,"The answer is 4,988.","4,988","The answer is 4,988.","4,988","The answer is 4,988.","4,988","4,988","The answer is 4,988.",4988.0,4988.0,4988.0,4988.0,4988.0,4988.0,4988.0,4988.0,4988.0,4988.0
12,What is 171 * 106?,18126.0,18126,True,100.0,3,18126,"The product of 171 and 106 is 18,126.","18,126","18,126","18,126","18,126","18,126.","18,126",18126,"18,126",18126.0,18126.0,18126.0,18126.0,18126.0,18126.0,18126.0,18126.0,18126.0,18126.0
13,What is 6168 * 8345?,51534760.0,51471960,False,10.0,4,"The answer is 51,534,760.","51,496,760","The product of 6168 and 8345 is 51,543,360.",51540680,51602840,51503560,"The answer is 51,548,360.",51545560,"51,505,560",51456560,51534760.0,51496760.0,51543360.0,51540680.0,51602840.0,51503560.0,51548360.0,51545560.0,51505560.0,51456560.0
14,What is 23374 * 15752?,368031248.0,368187248,False,10.0,5,"368,031,248","The product of 23374 and 15752 is 368,359,648.",The multiplication of 23374 and 15752 is 368035648.,"The answer is 367,676,048.","The product of 23374 and 15752 is 368,013,248.","The answer is 368,196,448.","368,086,848","The product of 23374 and 15752 is 368,139,248.",The product of 23374 and 15752 is 367801248.,The product of 23374 and 15752 is 368026048.,368031248.0,368359648.0,368035648.0,367676048.0,368013248.0,368196448.0,368086848.0,368139248.0,367801248.0,368026048.0
15,What is 2 * 3?,6.0,6,True,100.0,1,The answer is 6.,2 * 3 = 6,2 * 3 = 6,2 * 3 equals 6.,2 * 3 = 6,2 * 3 = 6.,2 * 3 = 6.,The product of 2 and 3 is 6.,2 multiplied by 3 equals 6.,2 * 3 = 6,6.0,6.0,6.0,6.0,6.0,6.0,6.0,6.0,6.0,6.0
16,What is 26 * 12?,312.0,312,True,100.0,2,312,312.,The answer is 312.,312,The answer is 312.,312,312,312,312,312,312.0,312.0,312.0,312.0,312.0,312.0,312.0,312.0,312.0,312.0
17,What is 398 * 540?,214920.0,214920,True,90.0,3,"214,920","214,920","The answer is 214,920.","The answer is 214,920.","The result of 398 multiplied by 540 is 214,920.","The product of 398 and 540 is 214,920.","The answer is 214,920.","214,920","The answer is 214,920.","The product of 398 and 540 is 215,520.",214920.0,214920.0,214920.0,214920.0,214920.0,214920.0,214920.0,214920.0,214920.0,215520.0
18,What is 8813 * 5347?,47197011.0,47123111,False,10.0,4,"47,197,011","The product of 8813 and 5347 is 47,128,011.","47,139,711","46,999,611","The product of 8813 and 5347 is 47,176,011.","47,177,011","47,151,611","The product of 8813 and 5347 is 47,114,011.","The result of 8813 multiplied by 5347 is 47,103,411.",46931811,47197011.0,47128011.0,47139711.0,46999611.0,47176011.0,47177011.0,47151611.0,47114011.0,47103411.0,46931811.0
19,What is 71511 * 14816?,1059626176.0,1059506976,False,10.0,5,"The product of 71511 and 14816 is 1,059,626,176.","The answer is 1,061,074,176.","The product of 71511 and 14816 is 1,060,690,976.","The answer is 1,059,435,376.","The product of 71511 and 14816 is 1,060,473,776.","The multiplication of 71511 and 14816 is: 1,059,849,376","The product of 71511 and 14816 is 1,059,634,976.","The product of 71511 and 14816 is 1,060,279,776.","1,060,679,376","The answer is 1,061,130,976.",1059626176.0,1061074176.0,1060690976.0,1059435376.0,1060473776.0,1059849376.0,1059634976.0,1060279776.0,1060679376.0,1061130976.0
20,What is 5 * 6?,30.0,30,True,100.0,1,30,30.,5 * 6 = 30,The answer is 30.,5 * 6 = 30.,5 * 6 is 30.,5 * 6 = 30.,5 * 6 = 30.,30,5 * 6 = 30,30.0,30.0,30.0,30.0,30.0,30.0,30.0,30.0,30.0,30.0
21,What is 76 * 71?,5396.0,5396,True,70.0,2,"5,396",5416,"5,396",5412.,"5,396","5,396","5,396","5,396","5,396",5412,5396.0,5416.0,5396.0,5412.0,5396.0,5396.0,5396.0,5396.0,5396.0,5412.0
22,What is 311 * 940?,292940.0,292340,False,80.0,3,"292,940","292,940.","292,940","The product of 311 and 940 is 292,940.","The answer is 292,940.","292,940","292,940",The answer is 292540.,"The answer is 292,940.",The answer is 292540.,292940.0,292940.0,292940.0,292940.0,292940.0,292940.0,292940.0,292540.0,292940.0,292540.0
23,What is 9635 * 6165?,59361975.0,59399775,False,10.0,4,"The answer is 59,361,975.","The product of 9635 and 6165 is 59,412,975.","The answer is 59,342,275.","The product of 9635 and 6165 is 59,370,275.","The product of 9635 and 6165 is 59,394,975.","59,400,275","594,937,275","There are a couple of ways to approach this multiplication problem, but one possible method is the following:

","59,347,775","59,401,775",59361975.0,59412975.0,59342275.0,59370275.0,59394975.0,59400275.0,594937275.0,0.0,59347775.0,59401775.0
24,What is 11644 * 62197?,724275268.0,724221868,False,10.0,5,724275268,"The result of 11644 multiplied by 62197 is:

725,330,468",The product of 11644 and 62197 is 724173068.,"725,991,668","725,113,068","725,273,468","725,677,268","725,476,268",724989068,"725,073,668",724275268.0,725330468.0,724173068.0,725991668.0,725113068.0,725273468.0,725677268.0,725476268.0,724989068.0,725073668.0
25,What is 9 * 7?,63.0,63,True,100.0,1,63,63.,9 * 7 is equal to 63.,63,9 * 7 = 63,63.,The answer is 63.,63,63,The answer is 63.,63.0,63.0,63.0,63.0,63.0,63.0,63.0,63.0,63.0,63.0
26,What is 97 * 78?,7566.0,7566,True,80.0,2,7586,"7,566","7,566","7,566","7,566",7566,The answer is 7554.,"The answer is 7,566.","7,566.","7,566",7586.0,7566.0,7566.0,7566.0,7566.0,7566.0,7554.0,7566.0,7566.0,7566.0
27,What is 753 * 915?,687195.0,688995,False,50.0,3,"687,195","688,395","687,195",687795,688395,"688,695","687,195","687,795","687,195","687,195",687195.0,688395.0,687195.0,687795.0,688395.0,688695.0,687195.0,687795.0,687195.0,687195.0
28,What is 8964 * 9529?,85422156.0,85417956,False,10.0,4,"85,422,156","85,416,356","85,403,356","85,496,556","854,184,156","85,348,556","85,424,956","85,428,156","85,420,356","85,493,356",85422156.0,85416356.0,85403356.0,85496556.0,854184156.0,85348556.0,85424956.0,85428156.0,85420356.0,85493356.0
29,What is 97617 * 64984?,6353580768.0,6343543128,False,10.0,5,6353580768,"The answer is 6,342,414,928.","The answer is 6,327,832,288.",The product of 97617 and 64984 is 6334284288.,6335514088,The product of 97617 and 64984 is 6343567488.,"The answer is 6,325,275,288.",The product of 97617 and 64984 is 6343026288.,"6,341,172,888",The product of 97617 and 64984 is 6344549448.,6353580768.0,6342414928.0,6327832288.0,6334284288.0,6335514088.0,6343567488.0,6325275288.0,6343026288.0,6341172888.0,6344549448.0
30,What is 6 * 9?,54.0,54,True,90.0,1,"As an AI language model, I must inform you that the answer is 54.",54.,"As an AI language model, I must inform you that the answer is 54.",54,54,54.,"As an AI language model, I must inform you that according to the standard decimal system, 6",54.,54.,"As an AI language model, I must inform you that the answer is 54.",54.0,54.0,54.0,54.0,54.0,54.0,6.0,54.0,54.0,54.0
31,What is 14 * 92?,1288.0,1288,True,100.0,2,1288,"1,288","1,288",1288,The answer is 1288.,The answer is 1288.,"The answer is 1,288.",1288,"1,288",1288,1288.0,1288.0,1288.0,1288.0,1288.0,1288.0,1288.0,1288.0,1288.0,1288.0
32,What is 285 * 843?,240255.0,240255,True,100.0,3,240255,240255,240255,240255,The product of 285 and 843 is 240255.,240255,240255,"240,255",240255,240255,240255.0,240255.0,240255.0,240255.0,240255.0,240255.0,240255.0,240255.0,240255.0,240255.0
33,What is 2353 * 8977?,21100381.0,21122881,False,10.0,4,"21,100,381","21,121,481","21,074,281",21072281,"21,095,081","21,102,681","21,111,681","The answer is 21,093,681.","21,106,281","21,078,881",21100381.0,21121481.0,21074281.0,21072281.0,21095081.0,21102681.0,21111681.0,21093681.0,21106281.0,21078881.0
34,What is 96255 * 44326?,4263243230.0,4266599130,False,10.0,5,"The product of 96255 and 44326 is:

4,263,243,230","42,634,230",The answer is 4267584230.,"4,258,146,830","42,607,9830",4270430730,"42,622,830",The answer is 4264262530.,"The product of 96255 and 44326 is 4,268,136,830.",The result is 4261291030.,4263243230.0,42634230.0,4267584230.0,4258146830.0,426079830.0,4270430730.0,42622830.0,4264262530.0,4268136830.0,4261291030.0
35,What is 3 * 6?,18.0,18,True,100.0,1,3 * 6 = 18.,18,3 * 6 = 18.,18,3 * 6 = 18.,3 * 6 = 18.,18.,18,3 * 6 is equal to 18.,3 * 6 is 18.,18.0,18.0,18.0,18.0,18.0,18.0,18.0,18.0,18.0,18.0
36,What is 53 * 80?,4240.0,4240,True,100.0,2,"4,240","4,240","4,240","4,240.","4,240.","4,240.",4240,"4,240","4,240","4,240",4240.0,4240.0,4240.0,4240.0,4240.0,4240.0,4240.0,4240.0,4240.0,4240.0
37,What is 500 * 175?,87500.0,87500,True,100.0,3,87500,"87,500","87,500","87,500","The answer is 87,500.","87,500","The answer is 87,500.","87,500","The answer is 87,500.","87,500",87500.0,87500.0,87500.0,87500.0,87500.0,87500.0,87500.0,87500.0,87500.0,87500.0
38,What is 8483 * 7351?,62431833.0,62358533,False,10.0,4,"62,431,833","62,428,883","62,452,883","The product of 8483 and 7351 is 62,365,133.","The answer is 62,378,383.",62327133,"The answer to 8483 * 7351 is 62,402,333.","62,450,833","62,363,833","62,396,883",62431833.0,62428883.0,62452883.0,62365133.0,62378383.0,62327133.0,62402333.0,62450833.0,62363833.0,62396883.0
39,What is 85126 * 54054?,460318304.0,4601400804,False,10.0,5,"The answer is 46,031,8304.","The product of 85126 and 54054 is 4,603,862,404.",The product of 85126 and 54054 is 4600338904.,4601179504,The answer is 4604944904.,The answer is 4609861304.,"The product of 85126 and 54054 is 4,599,330,204.",The product of 85126 and 54054 is 4603057804.,"The result of 85126 * 54054 is 4,599,007,404.","The product of 85126 and 54054 is 4,600,133,604.",460318304.0,4603862404.0,4600338904.0,4601179504.0,4604944904.0,4609861304.0,4599330204.0,4603057804.0,4599007404.0,4600133604.0
40,What is 1 * 4?,4.0,4,True,100.0,1,1 * 4 = 4.,1 * 4 is equal to 4.,1 * 4 = 4.,1 * 4 = 4,1 * 4 equals 4.,1 * 4 = 4,1 * 4 = 4.,1 * 4 equals 4.,1 * 4 = 4.,The result of 1 * 4 is 4.,4.0,4.0,4.0,4.0,4.0,4.0,4.0,4.0,4.0,4.0
41,What is 85 * 21?,1785.0,1785,True,100.0,2,"1,785","1,785",85 * 21 = 1785,The product of 85 and 21 is 1785.,"1,785","1,785","1,785.","1,785",85 * 21 = 1785,"1,785",1785.0,1785.0,1785.0,1785.0,1785.0,1785.0,1785.0,1785.0,1785.0,1785.0
42,What is 951 * 743?,707493.0,706593,False,30.0,3,"The answer is 707,293.","708,393",The answer is 707093.,"The Answer is 706,593","706,993",The answer is 707293.,The product of 951 and 743 is 707493.,The product of 951 and 743 is 707493.,"706,243",707493,707293.0,708393.0,707093.0,706593.0,706993.0,707293.0,707493.0,707493.0,706243.0,707493.0
43,What is 6955 * 1210?,8403550.0,8415550,False,20.0,4,"The product of 6955 and 1210 is 8,410,550.",The answer is 8403550.,The answer is 8403050.,"The product of 6955 and 1210 is 8,405,550.",The answer is 8409550.,"The product of 6955 and 1210 is 8,407,050.",8372550,"The product of 6955 and 1210 is 8,403,550.",The answer is 8402950.,The answer is 8409550.,8410550.0,8403550.0,8403050.0,8405550.0,8409550.0,8407050.0,8372550.0,8403550.0,8402950.0,8409550.0
44,What is 56126 * 40032?,2248982432.0,2246836032,False,10.0,5,"2,248,982,432",2249716352,"2,248,204,032",2249178752,2251453952,"2,248,509,952","2,247,494,272",2249261952,"2,249,395,584","2,247,035,072",2248982432.0,2249716352.0,2248204032.0,2249178752.0,2251453952.0,2248509952.0,2247494272.0,2249261952.0,2249395584.0,2247035072.0
45,What is 7 * 9?,63.0,63,True,100.0,1,63,63.,63,The answer is 63.,63.,63.,63.,63,63,7 * 9 is equal to 63.,63.0,63.0,63.0,63.0,63.0,63.0,63.0,63.0,63.0,63.0
46,What is 74 * 17?,1258.0,1258,True,100.0,2,"1,258","1,258","1,258.","1,258","1,258","1,258","1,258.","1,258","The answer is 1,258.","1,258",1258.0,1258.0,1258.0,1258.0,1258.0,1258.0,1258.0,1258.0,1258.0,1258.0
47,What is 754 * 394?,297076.0,297076,True,60.0,3,297076,"297,276",297076,"The result of 754 multiplied by 394 is 297,076.",297076,297276,The result of 754 multiplied by 394 is 297676.,297076,"297,076",297276,297076.0,297276.0,297076.0,297076.0,297076.0,297276.0,297676.0,297076.0,297076.0,297276.0
48,What is 9106 * 4823?,44003138.0,43918238,False,10.0,4,"44,003,138","44,004,838","44,020,938","The answer is 43,935,738.","The answer is 43,966,938.","The product of 9106 and 4823 is 43,888,038.","44,010,738","The product of 9106 and 4823 is 43,909,338.","44,036,638","44,017,838",44003138.0,44004838.0,44020938.0,43935738.0,43966938.0,43888038.0,44010738.0,43909338.0,44036638.0,44017838.0
49,What is 81325 * 73414?,5972895950.0,5970393550,False,10.0,5,5972895950,The result of 81325 * 73414 is 5964239350.,The product of 81325 and 73414 is 5971395350.,"The answer is 597,361,350.","599,049,150",The product of 81325 and 73414 is 5969419850.,"597,002,150",5970792350,5972154050,The product of 81325 and 73414 is 5973181650.,5972895950.0,5964239350.0,5971395350.0,597361350.0,599049150.0,5969419850.0,597002150.0,5970792350.0,5972154050.0,5973181650.0
